-- phpMyAdmin SQL Dump
-- version 5.2.1
-- https://www.phpmyadmin.net/
--
-- Host: 127.0.0.1
-- Generation Time: Jan 11, 2026 at 02:53 AM
-- Server version: 8.0.40
-- PHP Version: 8.2.12

SET SQL_MODE = "NO_AUTO_VALUE_ON_ZERO";
START TRANSACTION;
SET time_zone = "+00:00";


/*!40101 SET @OLD_CHARACTER_SET_CLIENT=@@CHARACTER_SET_CLIENT */;
/*!40101 SET @OLD_CHARACTER_SET_RESULTS=@@CHARACTER_SET_RESULTS */;
/*!40101 SET @OLD_COLLATION_CONNECTION=@@COLLATION_CONNECTION */;
/*!40101 SET NAMES utf8mb4 */;

--
-- Database: `bioskop`
--

-- --------------------------------------------------------

--
-- Table structure for table `film`
--

CREATE TABLE `film` (
  `id_film` int NOT NULL,
  `judul` varchar(100) NOT NULL,
  `durasi` int NOT NULL,
  `genre` varchar(50) DEFAULT NULL,
  `rating_usia` varchar(10) DEFAULT NULL
) ENGINE=InnoDB DEFAULT CHARSET=utf8mb4 COLLATE=utf8mb4_0900_ai_ci;

--
-- Dumping data for table `film`
--

INSERT INTO `film` (`id_film`, `judul`, `durasi`, `genre`, `rating_usia`) VALUES
(1, 'Avengers: Endgame', 181, 'Action', '13+'),
(2, 'Interstellar', 169, 'Sci-Fi', '13+'),
(5, 'Joker', 122, 'Drama', '17+'),
(6, 'Fast & Furious 9', 145, 'Action', '13+'),
(7, 'Sore', 105, 'Drama', '13+'),
(8, 'Zootopia 2', 110, 'Animation', 'SU'),
(9, 'Jumbo', 100, 'Animation', 'SU');

-- --------------------------------------------------------

--
-- Table structure for table `jadwal`
--

CREATE TABLE `jadwal` (
  `id_jadwal` int NOT NULL,
  `id_film` int NOT NULL,
  `id_studio` int NOT NULL,
  `tanggal` date NOT NULL,
  `jam_mulai` time NOT NULL
) ENGINE=InnoDB DEFAULT CHARSET=utf8mb4 COLLATE=utf8mb4_0900_ai_ci;

--
-- Dumping data for table `jadwal`
--

INSERT INTO `jadwal` (`id_jadwal`, `id_film`, `id_studio`, `tanggal`, `jam_mulai`) VALUES
(1, 1, 1, '2026-01-12', '11:30:00'),
(2, 1, 1, '2026-01-12', '14:15:00'),
(3, 1, 1, '2026-01-12', '17:00:00'),
(4, 1, 1, '2026-01-12', '19:45:00'),
(5, 2, 2, '2026-01-12', '11:00:00'),
(6, 2, 2, '2026-01-12', '14:30:00'),
(7, 2, 2, '2026-01-12', '17:45:00'),
(8, 2, 2, '2026-01-12', '20:15:00'),
(9, 5, 3, '2026-01-12', '11:45:00'),
(10, 5, 3, '2026-01-12', '14:00:00'),
(11, 5, 3, '2026-01-12', '16:15:00'),
(12, 5, 3, '2026-01-12', '18:30:00'),
(13, 6, 4, '2026-01-12', '11:30:00'),
(14, 6, 4, '2026-01-12', '14:00:00'),
(15, 6, 4, '2026-01-12', '16:45:00'),
(16, 6, 4, '2026-01-12', '18:30:00'),
(17, 7, 5, '2026-01-12', '12:15:00'),
(18, 7, 5, '2026-01-12', '15:00:00'),
(19, 7, 5, '2026-01-12', '17:15:00'),
(20, 7, 5, '2026-01-12', '19:30:00'),
(21, 8, 6, '2026-01-12', '11:00:00'),
(22, 8, 6, '2026-01-12', '13:30:00'),
(23, 8, 6, '2026-01-12', '16:00:00'),
(24, 8, 6, '2026-01-12', '18:15:00'),
(25, 9, 7, '2026-01-12', '11:30:00'),
(26, 9, 7, '2026-01-12', '14:00:00'),
(27, 9, 7, '2026-01-12', '16:45:00'),
(28, 9, 7, '2026-01-12', '19:00:00'),
(29, 1, 1, '2026-01-13', '11:30:00'),
(30, 1, 1, '2026-01-13', '14:15:00'),
(31, 1, 1, '2026-01-13', '17:00:00'),
(32, 1, 1, '2026-01-13', '19:45:00'),
(33, 2, 2, '2026-01-13', '11:00:00'),
(34, 2, 2, '2026-01-13', '14:30:00'),
(35, 2, 2, '2026-01-13', '17:45:00'),
(36, 2, 2, '2026-01-13', '20:15:00'),
(37, 5, 3, '2026-01-13', '11:45:00'),
(38, 5, 3, '2026-01-13', '14:00:00'),
(39, 5, 3, '2026-01-13', '16:15:00'),
(40, 5, 3, '2026-01-13', '18:30:00'),
(41, 6, 4, '2026-01-13', '11:30:00'),
(42, 6, 4, '2026-01-13', '14:00:00'),
(43, 6, 4, '2026-01-13', '16:45:00'),
(44, 6, 4, '2026-01-13', '18:30:00'),
(45, 7, 5, '2026-01-13', '12:15:00'),
(46, 7, 5, '2026-01-13', '15:00:00'),
(47, 7, 5, '2026-01-13', '17:15:00'),
(48, 7, 5, '2026-01-13', '19:30:00'),
(49, 8, 6, '2026-01-13', '11:00:00'),
(50, 8, 6, '2026-01-13', '13:30:00'),
(51, 8, 6, '2026-01-13', '16:00:00'),
(52, 8, 6, '2026-01-13', '18:15:00'),
(53, 9, 7, '2026-01-13', '11:30:00'),
(54, 9, 7, '2026-01-13', '14:00:00'),
(55, 9, 7, '2026-01-13', '16:45:00'),
(56, 9, 7, '2026-01-13', '19:00:00'),
(57, 1, 1, '2026-01-14', '11:30:00'),
(58, 1, 1, '2026-01-14', '14:15:00'),
(59, 1, 1, '2026-01-14', '17:00:00'),
(60, 1, 1, '2026-01-14', '19:45:00'),
(61, 2, 2, '2026-01-14', '11:00:00'),
(62, 2, 2, '2026-01-14', '14:30:00'),
(63, 2, 2, '2026-01-14', '17:45:00'),
(64, 2, 2, '2026-01-14', '20:15:00'),
(65, 5, 3, '2026-01-14', '11:45:00'),
(66, 5, 3, '2026-01-14', '14:00:00'),
(67, 5, 3, '2026-01-14', '16:15:00'),
(68, 5, 3, '2026-01-14', '18:30:00'),
(69, 6, 4, '2026-01-14', '11:30:00'),
(70, 6, 4, '2026-01-14', '14:00:00'),
(71, 6, 4, '2026-01-14', '16:45:00'),
(72, 6, 4, '2026-01-14', '18:30:00'),
(73, 7, 5, '2026-01-14', '12:15:00'),
(74, 7, 5, '2026-01-14', '15:00:00'),
(75, 7, 5, '2026-01-14', '17:15:00'),
(76, 7, 5, '2026-01-14', '19:30:00'),
(77, 8, 6, '2026-01-14', '11:00:00'),
(78, 8, 6, '2026-01-14', '13:30:00'),
(79, 8, 6, '2026-01-14', '16:00:00'),
(80, 8, 6, '2026-01-14', '18:15:00'),
(81, 9, 7, '2026-01-14', '11:30:00'),
(82, 9, 7, '2026-01-14', '14:00:00'),
(83, 9, 7, '2026-01-14', '16:45:00'),
(84, 9, 7, '2026-01-14', '19:00:00'),
(85, 1, 1, '2026-01-15', '11:30:00'),
(86, 1, 1, '2026-01-15', '14:15:00'),
(87, 1, 1, '2026-01-15', '17:00:00'),
(88, 1, 1, '2026-01-15', '19:45:00'),
(89, 2, 2, '2026-01-15', '11:00:00'),
(90, 2, 2, '2026-01-15', '14:30:00'),
(91, 2, 2, '2026-01-15', '17:45:00'),
(92, 2, 2, '2026-01-15', '20:15:00'),
(93, 5, 3, '2026-01-15', '11:45:00'),
(94, 5, 3, '2026-01-15', '14:00:00'),
(95, 5, 3, '2026-01-15', '16:15:00'),
(96, 5, 3, '2026-01-15', '18:30:00'),
(97, 6, 4, '2026-01-15', '11:30:00'),
(98, 6, 4, '2026-01-15', '14:00:00'),
(99, 6, 4, '2026-01-15', '16:45:00'),
(100, 6, 4, '2026-01-15', '18:30:00'),
(101, 7, 5, '2026-01-15', '12:15:00'),
(102, 7, 5, '2026-01-15', '15:00:00'),
(103, 7, 5, '2026-01-15', '17:15:00'),
(104, 7, 5, '2026-01-15', '19:30:00'),
(105, 8, 6, '2026-01-15', '11:00:00'),
(106, 8, 6, '2026-01-15', '13:30:00'),
(107, 8, 6, '2026-01-15', '16:00:00'),
(108, 8, 6, '2026-01-15', '18:15:00'),
(109, 9, 7, '2026-01-15', '11:30:00'),
(110, 9, 7, '2026-01-15', '14:00:00'),
(111, 9, 7, '2026-01-15', '16:45:00'),
(112, 9, 7, '2026-01-15', '19:00:00'),
(113, 1, 1, '2026-01-16', '11:30:00'),
(114, 1, 1, '2026-01-16', '14:15:00'),
(115, 1, 1, '2026-01-16', '17:00:00'),
(116, 1, 1, '2026-01-16', '19:45:00'),
(117, 2, 2, '2026-01-16', '11:00:00'),
(118, 2, 2, '2026-01-16', '14:30:00'),
(119, 2, 2, '2026-01-16', '17:45:00'),
(120, 2, 2, '2026-01-16', '20:15:00'),
(121, 5, 3, '2026-01-16', '11:45:00'),
(122, 5, 3, '2026-01-16', '14:00:00'),
(123, 5, 3, '2026-01-16', '16:15:00'),
(124, 5, 3, '2026-01-16', '18:30:00'),
(125, 6, 4, '2026-01-16', '11:30:00'),
(126, 6, 4, '2026-01-16', '14:00:00'),
(127, 6, 4, '2026-01-16', '16:45:00'),
(128, 6, 4, '2026-01-16', '18:30:00'),
(129, 7, 5, '2026-01-16', '12:15:00'),
(130, 7, 5, '2026-01-16', '15:00:00'),
(131, 7, 5, '2026-01-16', '17:15:00'),
(132, 7, 5, '2026-01-16', '19:30:00'),
(133, 8, 6, '2026-01-16', '11:00:00'),
(134, 8, 6, '2026-01-16', '13:30:00'),
(135, 8, 6, '2026-01-16', '16:00:00'),
(136, 8, 6, '2026-01-16', '18:15:00'),
(137, 9, 7, '2026-01-16', '11:30:00'),
(138, 9, 7, '2026-01-16', '14:00:00'),
(139, 9, 7, '2026-01-16', '16:45:00'),
(140, 9, 7, '2026-01-16', '19:00:00'),
(141, 1, 1, '2026-01-17', '11:30:00'),
(142, 1, 1, '2026-01-17', '14:15:00'),
(143, 1, 1, '2026-01-17', '17:00:00'),
(144, 1, 1, '2026-01-17', '19:45:00'),
(145, 2, 2, '2026-01-17', '11:00:00'),
(146, 2, 2, '2026-01-17', '14:30:00'),
(147, 2, 2, '2026-01-17', '17:45:00'),
(148, 2, 2, '2026-01-17', '20:15:00'),
(149, 5, 3, '2026-01-17', '11:45:00'),
(150, 5, 3, '2026-01-17', '14:00:00'),
(151, 5, 3, '2026-01-17', '16:15:00'),
(152, 5, 3, '2026-01-17', '18:30:00'),
(153, 6, 4, '2026-01-17', '11:30:00'),
(154, 6, 4, '2026-01-17', '14:00:00'),
(155, 6, 4, '2026-01-17', '16:45:00'),
(156, 6, 4, '2026-01-17', '18:30:00'),
(157, 7, 5, '2026-01-17', '12:15:00'),
(158, 7, 5, '2026-01-17', '15:00:00'),
(159, 7, 5, '2026-01-17', '17:15:00'),
(160, 7, 5, '2026-01-17', '19:30:00'),
(161, 8, 6, '2026-01-17', '11:00:00'),
(162, 8, 6, '2026-01-17', '13:30:00'),
(163, 8, 6, '2026-01-17', '16:00:00'),
(164, 8, 6, '2026-01-17', '18:15:00'),
(165, 9, 7, '2026-01-17', '11:30:00'),
(166, 9, 7, '2026-01-17', '14:00:00'),
(167, 9, 7, '2026-01-17', '16:45:00'),
(168, 9, 7, '2026-01-17', '19:00:00'),
(169, 1, 1, '2026-01-18', '11:30:00'),
(170, 1, 1, '2026-01-18', '14:15:00'),
(171, 1, 1, '2026-01-18', '17:00:00'),
(172, 1, 1, '2026-01-18', '19:45:00'),
(173, 2, 2, '2026-01-18', '11:00:00'),
(174, 2, 2, '2026-01-18', '14:30:00'),
(175, 2, 2, '2026-01-18', '17:45:00'),
(176, 2, 2, '2026-01-18', '20:15:00'),
(177, 5, 3, '2026-01-18', '11:45:00'),
(178, 5, 3, '2026-01-18', '14:00:00'),
(179, 5, 3, '2026-01-18', '16:15:00'),
(180, 5, 3, '2026-01-18', '18:30:00'),
(181, 6, 4, '2026-01-18', '11:30:00'),
(182, 6, 4, '2026-01-18', '14:00:00'),
(183, 6, 4, '2026-01-18', '16:45:00'),
(184, 6, 4, '2026-01-18', '18:30:00'),
(185, 7, 5, '2026-01-18', '12:15:00'),
(186, 7, 5, '2026-01-18', '15:00:00'),
(187, 7, 5, '2026-01-18', '17:15:00'),
(188, 7, 5, '2026-01-18', '19:30:00'),
(189, 8, 6, '2026-01-18', '11:00:00'),
(190, 8, 6, '2026-01-18', '13:30:00'),
(191, 8, 6, '2026-01-18', '16:00:00'),
(192, 8, 6, '2026-01-18', '18:15:00'),
(193, 9, 7, '2026-01-18', '11:30:00'),
(194, 9, 7, '2026-01-18', '14:00:00'),
(195, 9, 7, '2026-01-18', '16:45:00'),
(196, 9, 7, '2026-01-18', '19:00:00');

-- --------------------------------------------------------

--
-- Table structure for table `kursi`
--

CREATE TABLE `kursi` (
  `id_kursi` int NOT NULL,
  `id_studio` int NOT NULL,
  `nomor_kursi` varchar(5) NOT NULL
) ENGINE=InnoDB DEFAULT CHARSET=utf8mb4 COLLATE=utf8mb4_0900_ai_ci;

--
-- Dumping data for table `kursi`
--

INSERT INTO `kursi` (`id_kursi`, `id_studio`, `nomor_kursi`) VALUES
(1, 1, 'A8'),
(2, 2, 'A8'),
(3, 3, 'A8'),
(4, 4, 'A8'),
(5, 1, 'A7'),
(6, 2, 'A7'),
(7, 3, 'A7'),
(8, 4, 'A7'),
(9, 1, 'A6'),
(10, 2, 'A6'),
(11, 3, 'A6'),
(12, 4, 'A6'),
(13, 1, 'A5'),
(14, 2, 'A5'),
(15, 3, 'A5'),
(16, 4, 'A5'),
(17, 1, 'A4'),
(18, 2, 'A4'),
(19, 3, 'A4'),
(20, 4, 'A4'),
(21, 1, 'A3'),
(22, 2, 'A3'),
(23, 3, 'A3'),
(24, 4, 'A3'),
(25, 1, 'A2'),
(26, 2, 'A2'),
(27, 3, 'A2'),
(28, 4, 'A2'),
(29, 1, 'A1'),
(30, 2, 'A1'),
(31, 3, 'A1'),
(32, 4, 'A1'),
(33, 1, 'B8'),
(34, 2, 'B8'),
(35, 3, 'B8'),
(36, 4, 'B8'),
(37, 1, 'B7'),
(38, 2, 'B7'),
(39, 3, 'B7'),
(40, 4, 'B7'),
(41, 1, 'B6'),
(42, 2, 'B6'),
(43, 3, 'B6'),
(44, 4, 'B6'),
(45, 1, 'B5'),
(46, 2, 'B5'),
(47, 3, 'B5'),
(48, 4, 'B5'),
(49, 1, 'B4'),
(50, 2, 'B4'),
(51, 3, 'B4'),
(52, 4, 'B4'),
(53, 1, 'B3'),
(54, 2, 'B3'),
(55, 3, 'B3'),
(56, 4, 'B3'),
(57, 1, 'B2'),
(58, 2, 'B2'),
(59, 3, 'B2'),
(60, 4, 'B2'),
(61, 1, 'B1'),
(62, 2, 'B1'),
(63, 3, 'B1'),
(64, 4, 'B1'),
(65, 1, 'C8'),
(66, 2, 'C8'),
(67, 3, 'C8'),
(68, 4, 'C8'),
(69, 1, 'C7'),
(70, 2, 'C7'),
(71, 3, 'C7'),
(72, 4, 'C7'),
(73, 1, 'C6'),
(74, 2, 'C6'),
(75, 3, 'C6'),
(76, 4, 'C6'),
(77, 1, 'C5'),
(78, 2, 'C5'),
(79, 3, 'C5'),
(80, 4, 'C5'),
(81, 1, 'C4'),
(82, 2, 'C4'),
(83, 3, 'C4'),
(84, 4, 'C4'),
(85, 1, 'C3'),
(86, 2, 'C3'),
(87, 3, 'C3'),
(88, 4, 'C3'),
(89, 1, 'C2'),
(90, 2, 'C2'),
(91, 3, 'C2'),
(92, 4, 'C2'),
(93, 1, 'C1'),
(94, 2, 'C1'),
(95, 3, 'C1'),
(96, 4, 'C1'),
(97, 1, 'D8'),
(98, 2, 'D8'),
(99, 3, 'D8'),
(100, 4, 'D8'),
(101, 1, 'D7'),
(102, 2, 'D7'),
(103, 3, 'D7'),
(104, 4, 'D7'),
(105, 1, 'D6'),
(106, 2, 'D6'),
(107, 3, 'D6'),
(108, 4, 'D6'),
(109, 1, 'D5'),
(110, 2, 'D5'),
(111, 3, 'D5'),
(112, 4, 'D5'),
(113, 1, 'D4'),
(114, 2, 'D4'),
(115, 3, 'D4'),
(116, 4, 'D4'),
(117, 1, 'D3'),
(118, 2, 'D3'),
(119, 3, 'D3'),
(120, 4, 'D3'),
(121, 1, 'D2'),
(122, 2, 'D2'),
(123, 3, 'D2'),
(124, 4, 'D2'),
(125, 1, 'D1'),
(126, 2, 'D1'),
(127, 3, 'D1'),
(128, 4, 'D1'),
(129, 1, 'E8'),
(130, 2, 'E8'),
(131, 3, 'E8'),
(132, 4, 'E8'),
(133, 1, 'E7'),
(134, 2, 'E7'),
(135, 3, 'E7'),
(136, 4, 'E7'),
(137, 1, 'E6'),
(138, 2, 'E6'),
(139, 3, 'E6'),
(140, 4, 'E6'),
(141, 1, 'E5'),
(142, 2, 'E5'),
(143, 3, 'E5'),
(144, 4, 'E5'),
(145, 1, 'E4'),
(146, 2, 'E4'),
(147, 3, 'E4'),
(148, 4, 'E4'),
(149, 1, 'E3'),
(150, 2, 'E3'),
(151, 3, 'E3'),
(152, 4, 'E3'),
(153, 1, 'E2'),
(154, 2, 'E2'),
(155, 3, 'E2'),
(156, 4, 'E2'),
(157, 1, 'E1'),
(158, 2, 'E1'),
(159, 3, 'E1'),
(160, 4, 'E1'),
(161, 1, 'F8'),
(162, 2, 'F8'),
(163, 3, 'F8'),
(164, 4, 'F8'),
(165, 1, 'F7'),
(166, 2, 'F7'),
(167, 3, 'F7'),
(168, 4, 'F7'),
(169, 1, 'F6'),
(170, 2, 'F6'),
(171, 3, 'F6'),
(172, 4, 'F6'),
(173, 1, 'F5'),
(174, 2, 'F5'),
(175, 3, 'F5'),
(176, 4, 'F5'),
(177, 1, 'F4'),
(178, 2, 'F4'),
(179, 3, 'F4'),
(180, 4, 'F4'),
(181, 1, 'F3'),
(182, 2, 'F3'),
(183, 3, 'F3'),
(184, 4, 'F3'),
(185, 1, 'F2'),
(186, 2, 'F2'),
(187, 3, 'F2'),
(188, 4, 'F2'),
(189, 1, 'F1'),
(190, 2, 'F1'),
(191, 3, 'F1'),
(192, 4, 'F1'),
(193, 1, 'G8'),
(194, 2, 'G8'),
(195, 3, 'G8'),
(196, 4, 'G8'),
(197, 1, 'G7'),
(198, 2, 'G7'),
(199, 3, 'G7'),
(200, 4, 'G7'),
(201, 1, 'G6'),
(202, 2, 'G6'),
(203, 3, 'G6'),
(204, 4, 'G6'),
(205, 1, 'G5'),
(206, 2, 'G5'),
(207, 3, 'G5'),
(208, 4, 'G5'),
(209, 1, 'G4'),
(210, 2, 'G4'),
(211, 3, 'G4'),
(212, 4, 'G4'),
(213, 1, 'G3'),
(214, 2, 'G3'),
(215, 3, 'G3'),
(216, 4, 'G3'),
(217, 1, 'G2'),
(218, 2, 'G2'),
(219, 3, 'G2'),
(220, 4, 'G2'),
(221, 1, 'G1'),
(222, 2, 'G1'),
(223, 3, 'G1'),
(224, 4, 'G1'),
(225, 1, 'H8'),
(226, 2, 'H8'),
(227, 3, 'H8'),
(228, 4, 'H8'),
(229, 1, 'H7'),
(230, 2, 'H7'),
(231, 3, 'H7'),
(232, 4, 'H7'),
(233, 1, 'H6'),
(234, 2, 'H6'),
(235, 3, 'H6'),
(236, 4, 'H6'),
(237, 1, 'H5'),
(238, 2, 'H5'),
(239, 3, 'H5'),
(240, 4, 'H5'),
(241, 1, 'H4'),
(242, 2, 'H4'),
(243, 3, 'H4'),
(244, 4, 'H4'),
(245, 1, 'H3'),
(246, 2, 'H3'),
(247, 3, 'H3'),
(248, 4, 'H3'),
(249, 1, 'H2'),
(250, 2, 'H2'),
(251, 3, 'H2'),
(252, 4, 'H2'),
(253, 1, 'H1'),
(254, 2, 'H1'),
(255, 3, 'H1'),
(256, 4, 'H1'),
(257, 1, 'I8'),
(258, 2, 'I8'),
(259, 3, 'I8'),
(260, 4, 'I8'),
(261, 1, 'I7'),
(262, 2, 'I7'),
(263, 3, 'I7'),
(264, 4, 'I7'),
(265, 1, 'I6'),
(266, 2, 'I6'),
(267, 3, 'I6'),
(268, 4, 'I6'),
(269, 1, 'I5'),
(270, 2, 'I5'),
(271, 3, 'I5'),
(272, 4, 'I5'),
(273, 1, 'I4'),
(274, 2, 'I4'),
(275, 3, 'I4'),
(276, 4, 'I4'),
(277, 1, 'I3'),
(278, 2, 'I3'),
(279, 3, 'I3'),
(280, 4, 'I3'),
(281, 1, 'I2'),
(282, 2, 'I2'),
(283, 3, 'I2'),
(284, 4, 'I2'),
(285, 1, 'I1'),
(286, 2, 'I1'),
(287, 3, 'I1'),
(288, 4, 'I1'),
(289, 1, 'J8'),
(290, 2, 'J8'),
(291, 3, 'J8'),
(292, 4, 'J8'),
(293, 1, 'J7'),
(294, 2, 'J7'),
(295, 3, 'J7'),
(296, 4, 'J7'),
(297, 1, 'J6'),
(298, 2, 'J6'),
(299, 3, 'J6'),
(300, 4, 'J6'),
(301, 1, 'J5'),
(302, 2, 'J5'),
(303, 3, 'J5'),
(304, 4, 'J5'),
(305, 1, 'J4'),
(306, 2, 'J4'),
(307, 3, 'J4'),
(308, 4, 'J4'),
(309, 1, 'J3'),
(310, 2, 'J3'),
(311, 3, 'J3'),
(312, 4, 'J3'),
(313, 1, 'J2'),
(314, 2, 'J2'),
(315, 3, 'J2'),
(316, 4, 'J2'),
(317, 1, 'J1'),
(318, 2, 'J1'),
(319, 3, 'J1'),
(320, 4, 'J1'),
(512, 5, 'A8'),
(513, 6, 'A8'),
(514, 7, 'A8'),
(515, 5, 'A7'),
(516, 6, 'A7'),
(517, 7, 'A7'),
(518, 5, 'A6'),
(519, 6, 'A6'),
(520, 7, 'A6'),
(521, 5, 'A5'),
(522, 6, 'A5'),
(523, 7, 'A5'),
(524, 5, 'A4'),
(525, 6, 'A4'),
(526, 7, 'A4'),
(527, 5, 'A3'),
(528, 6, 'A3'),
(529, 7, 'A3'),
(530, 5, 'A2'),
(531, 6, 'A2'),
(532, 7, 'A2'),
(533, 5, 'A1'),
(534, 6, 'A1'),
(535, 7, 'A1'),
(536, 5, 'B8'),
(537, 6, 'B8'),
(538, 7, 'B8'),
(539, 5, 'B7'),
(540, 6, 'B7'),
(541, 7, 'B7'),
(542, 5, 'B6'),
(543, 6, 'B6'),
(544, 7, 'B6'),
(545, 5, 'B5'),
(546, 6, 'B5'),
(547, 7, 'B5'),
(548, 5, 'B4'),
(549, 6, 'B4'),
(550, 7, 'B4'),
(551, 5, 'B3'),
(552, 6, 'B3'),
(553, 7, 'B3'),
(554, 5, 'B2'),
(555, 6, 'B2'),
(556, 7, 'B2'),
(557, 5, 'B1'),
(558, 6, 'B1'),
(559, 7, 'B1'),
(560, 5, 'C8'),
(561, 6, 'C8'),
(562, 7, 'C8'),
(563, 5, 'C7'),
(564, 6, 'C7'),
(565, 7, 'C7'),
(566, 5, 'C6'),
(567, 6, 'C6'),
(568, 7, 'C6'),
(569, 5, 'C5'),
(570, 6, 'C5'),
(571, 7, 'C5'),
(572, 5, 'C4'),
(573, 6, 'C4'),
(574, 7, 'C4'),
(575, 5, 'C3'),
(576, 6, 'C3'),
(577, 7, 'C3'),
(578, 5, 'C2'),
(579, 6, 'C2'),
(580, 7, 'C2'),
(581, 5, 'C1'),
(582, 6, 'C1'),
(583, 7, 'C1'),
(584, 5, 'D8'),
(585, 6, 'D8'),
(586, 7, 'D8'),
(587, 5, 'D7'),
(588, 6, 'D7'),
(589, 7, 'D7'),
(590, 5, 'D6'),
(591, 6, 'D6'),
(592, 7, 'D6'),
(593, 5, 'D5'),
(594, 6, 'D5'),
(595, 7, 'D5'),
(596, 5, 'D4'),
(597, 6, 'D4'),
(598, 7, 'D4'),
(599, 5, 'D3'),
(600, 6, 'D3'),
(601, 7, 'D3'),
(602, 5, 'D2'),
(603, 6, 'D2'),
(604, 7, 'D2'),
(605, 5, 'D1'),
(606, 6, 'D1'),
(607, 7, 'D1'),
(608, 5, 'E8'),
(609, 6, 'E8'),
(610, 7, 'E8'),
(611, 5, 'E7'),
(612, 6, 'E7'),
(613, 7, 'E7'),
(614, 5, 'E6'),
(615, 6, 'E6'),
(616, 7, 'E6'),
(617, 5, 'E5'),
(618, 6, 'E5'),
(619, 7, 'E5'),
(620, 5, 'E4'),
(621, 6, 'E4'),
(622, 7, 'E4'),
(623, 5, 'E3'),
(624, 6, 'E3'),
(625, 7, 'E3'),
(626, 5, 'E2'),
(627, 6, 'E2'),
(628, 7, 'E2'),
(629, 5, 'E1'),
(630, 6, 'E1'),
(631, 7, 'E1'),
(632, 5, 'F8'),
(633, 6, 'F8'),
(634, 7, 'F8'),
(635, 5, 'F7'),
(636, 6, 'F7'),
(637, 7, 'F7'),
(638, 5, 'F6'),
(639, 6, 'F6'),
(640, 7, 'F6'),
(641, 5, 'F5'),
(642, 6, 'F5'),
(643, 7, 'F5'),
(644, 5, 'F4'),
(645, 6, 'F4'),
(646, 7, 'F4'),
(647, 5, 'F3'),
(648, 6, 'F3'),
(649, 7, 'F3'),
(650, 5, 'F2'),
(651, 6, 'F2'),
(652, 7, 'F2'),
(653, 5, 'F1'),
(654, 6, 'F1'),
(655, 7, 'F1'),
(656, 5, 'G8'),
(657, 6, 'G8'),
(658, 7, 'G8'),
(659, 5, 'G7'),
(660, 6, 'G7'),
(661, 7, 'G7'),
(662, 5, 'G6'),
(663, 6, 'G6'),
(664, 7, 'G6'),
(665, 5, 'G5'),
(666, 6, 'G5'),
(667, 7, 'G5'),
(668, 5, 'G4'),
(669, 6, 'G4'),
(670, 7, 'G4'),
(671, 5, 'G3'),
(672, 6, 'G3'),
(673, 7, 'G3'),
(674, 5, 'G2'),
(675, 6, 'G2'),
(676, 7, 'G2'),
(677, 5, 'G1'),
(678, 6, 'G1'),
(679, 7, 'G1'),
(680, 5, 'H8'),
(681, 6, 'H8'),
(682, 7, 'H8'),
(683, 5, 'H7'),
(684, 6, 'H7'),
(685, 7, 'H7'),
(686, 5, 'H6'),
(687, 6, 'H6'),
(688, 7, 'H6'),
(689, 5, 'H5'),
(690, 6, 'H5'),
(691, 7, 'H5'),
(692, 5, 'H4'),
(693, 6, 'H4'),
(694, 7, 'H4'),
(695, 5, 'H3'),
(696, 6, 'H3'),
(697, 7, 'H3'),
(698, 5, 'H2'),
(699, 6, 'H2'),
(700, 7, 'H2'),
(701, 5, 'H1'),
(702, 6, 'H1'),
(703, 7, 'H1'),
(704, 5, 'I8'),
(705, 6, 'I8'),
(706, 7, 'I8'),
(707, 5, 'I7'),
(708, 6, 'I7'),
(709, 7, 'I7'),
(710, 5, 'I6'),
(711, 6, 'I6'),
(712, 7, 'I6'),
(713, 5, 'I5'),
(714, 6, 'I5'),
(715, 7, 'I5'),
(716, 5, 'I4'),
(717, 6, 'I4'),
(718, 7, 'I4'),
(719, 5, 'I3'),
(720, 6, 'I3'),
(721, 7, 'I3'),
(722, 5, 'I2'),
(723, 6, 'I2'),
(724, 7, 'I2'),
(725, 5, 'I1'),
(726, 6, 'I1'),
(727, 7, 'I1'),
(728, 5, 'J8'),
(729, 6, 'J8'),
(730, 7, 'J8'),
(731, 5, 'J7'),
(732, 6, 'J7'),
(733, 7, 'J7'),
(734, 5, 'J6'),
(735, 6, 'J6'),
(736, 7, 'J6'),
(737, 5, 'J5'),
(738, 6, 'J5'),
(739, 7, 'J5'),
(740, 5, 'J4'),
(741, 6, 'J4'),
(742, 7, 'J4'),
(743, 5, 'J3'),
(744, 6, 'J3'),
(745, 7, 'J3'),
(746, 5, 'J2'),
(747, 6, 'J2'),
(748, 7, 'J2'),
(749, 5, 'J1'),
(750, 6, 'J1'),
(751, 7, 'J1');

-- --------------------------------------------------------

--
-- Table structure for table `penonton`
--

CREATE TABLE `penonton` (
  `id_penonton` int NOT NULL,
  `nama` varchar(100) NOT NULL,
  `no_hp` varchar(15) DEFAULT NULL
) ENGINE=InnoDB DEFAULT CHARSET=utf8mb4 COLLATE=utf8mb4_0900_ai_ci;

--
-- Dumping data for table `penonton`
--

INSERT INTO `penonton` (`id_penonton`, `nama`, `no_hp`) VALUES
(1, 'Naufal Afif', '08123');

-- --------------------------------------------------------

--
-- Table structure for table `studio`
--

CREATE TABLE `studio` (
  `id_studio` int NOT NULL,
  `nama_studio` varchar(50) NOT NULL,
  `kapasitas` int NOT NULL
) ENGINE=InnoDB DEFAULT CHARSET=utf8mb4 COLLATE=utf8mb4_0900_ai_ci;

--
-- Dumping data for table `studio`
--

INSERT INTO `studio` (`id_studio`, `nama_studio`, `kapasitas`) VALUES
(1, 'Studio 1', 80),
(2, 'Studio 2', 80),
(3, 'Studio 3', 80),
(4, 'Studio 4', 80),
(5, 'Studio 5', 80),
(6, 'Studio 6', 80),
(7, 'Studio 7', 80);

-- --------------------------------------------------------

--
-- Table structure for table `tiket`
--

CREATE TABLE `tiket` (
  `id_tiket` int NOT NULL,
  `id_jadwal` int NOT NULL,
  `id_kursi` int NOT NULL,
  `status` enum('BOOKED','PAID','CANCELLED') DEFAULT 'BOOKED',
  `id_transaksi` int DEFAULT NULL
) ENGINE=InnoDB DEFAULT CHARSET=utf8mb4 COLLATE=utf8mb4_0900_ai_ci;

-- --------------------------------------------------------

--
-- Table structure for table `transaksi`
--

CREATE TABLE `transaksi` (
  `id_transaksi` int NOT NULL,
  `id_penonton` int NOT NULL,
  `tanggal_transaksi` datetime NOT NULL,
  `total_bayar` decimal(10,2) NOT NULL
) ENGINE=InnoDB DEFAULT CHARSET=utf8mb4 COLLATE=utf8mb4_0900_ai_ci;

--
-- Indexes for dumped tables
--

--
-- Indexes for table `film`
--
ALTER TABLE `film`
  ADD PRIMARY KEY (`id_film`);

--
-- Indexes for table `jadwal`
--
ALTER TABLE `jadwal`
  ADD PRIMARY KEY (`id_jadwal`),
  ADD KEY `fk_jadwal_film` (`id_film`),
  ADD KEY `fk_jadwal_studio` (`id_studio`);

--
-- Indexes for table `kursi`
--
ALTER TABLE `kursi`
  ADD PRIMARY KEY (`id_kursi`),
  ADD KEY `id_studio` (`id_studio`);

--
-- Indexes for table `penonton`
--
ALTER TABLE `penonton`
  ADD PRIMARY KEY (`id_penonton`);

--
-- Indexes for table `studio`
--
ALTER TABLE `studio`
  ADD PRIMARY KEY (`id_studio`);

--
-- Indexes for table `tiket`
--
ALTER TABLE `tiket`
  ADD PRIMARY KEY (`id_tiket`),
  ADD UNIQUE KEY `id_jadwal` (`id_jadwal`,`id_kursi`),
  ADD KEY `id_kursi` (`id_kursi`),
  ADD KEY `fk_tiket_transaksi` (`id_transaksi`);

--
-- Indexes for table `transaksi`
--
ALTER TABLE `transaksi`
  ADD PRIMARY KEY (`id_transaksi`),
  ADD KEY `id_penonton` (`id_penonton`);

--
-- AUTO_INCREMENT for dumped tables
--

--
-- AUTO_INCREMENT for table `film`
--
ALTER TABLE `film`
  MODIFY `id_film` int NOT NULL AUTO_INCREMENT, AUTO_INCREMENT=10;

--
-- AUTO_INCREMENT for table `jadwal`
--
ALTER TABLE `jadwal`
  MODIFY `id_jadwal` int NOT NULL AUTO_INCREMENT, AUTO_INCREMENT=197;

--
-- AUTO_INCREMENT for table `kursi`
--
ALTER TABLE `kursi`
  MODIFY `id_kursi` int NOT NULL AUTO_INCREMENT, AUTO_INCREMENT=767;

--
-- AUTO_INCREMENT for table `penonton`
--
ALTER TABLE `penonton`
  MODIFY `id_penonton` int NOT NULL AUTO_INCREMENT, AUTO_INCREMENT=2;

--
-- AUTO_INCREMENT for table `studio`
--
ALTER TABLE `studio`
  MODIFY `id_studio` int NOT NULL AUTO_INCREMENT, AUTO_INCREMENT=10;

--
-- AUTO_INCREMENT for table `tiket`
--
ALTER TABLE `tiket`
  MODIFY `id_tiket` int NOT NULL AUTO_INCREMENT, AUTO_INCREMENT=4;

--
-- AUTO_INCREMENT for table `transaksi`
--
ALTER TABLE `transaksi`
  MODIFY `id_transaksi` int NOT NULL AUTO_INCREMENT;

--
-- Constraints for dumped tables
--

--
-- Constraints for table `jadwal`
--
ALTER TABLE `jadwal`
  ADD CONSTRAINT `fk_jadwal_film` FOREIGN KEY (`id_film`) REFERENCES `film` (`id_film`),
  ADD CONSTRAINT `fk_jadwal_studio` FOREIGN KEY (`id_studio`) REFERENCES `studio` (`id_studio`),
  ADD CONSTRAINT `jadwal_ibfk_1` FOREIGN KEY (`id_film`) REFERENCES `film` (`id_film`),
  ADD CONSTRAINT `jadwal_ibfk_2` FOREIGN KEY (`id_studio`) REFERENCES `studio` (`id_studio`);

--
-- Constraints for table `kursi`
--
ALTER TABLE `kursi`
  ADD CONSTRAINT `kursi_ibfk_1` FOREIGN KEY (`id_studio`) REFERENCES `studio` (`id_studio`);

--
-- Constraints for table `tiket`
--
ALTER TABLE `tiket`
  ADD CONSTRAINT `fk_tiket_transaksi` FOREIGN KEY (`id_transaksi`) REFERENCES `transaksi` (`id_transaksi`),
  ADD CONSTRAINT `tiket_ibfk_1` FOREIGN KEY (`id_jadwal`) REFERENCES `jadwal` (`id_jadwal`),
  ADD CONSTRAINT `tiket_ibfk_2` FOREIGN KEY (`id_kursi`) REFERENCES `kursi` (`id_kursi`);

--
-- Constraints for table `transaksi`
--
ALTER TABLE `transaksi`
  ADD CONSTRAINT `transaksi_ibfk_1` FOREIGN KEY (`id_penonton`) REFERENCES `penonton` (`id_penonton`);
COMMIT;

/*!40101 SET CHARACTER_SET_CLIENT=@OLD_CHARACTER_SET_CLIENT */;
/*!40101 SET CHARACTER_SET_RESULTS=@OLD_CHARACTER_SET_RESULTS */;
/*!40101 SET COLLATION_CONNECTION=@OLD_COLLATION_CONNECTION */;
